<?xml version="1.0" standalone="no"?>
<!DOCTYPE entity PUBLIC "-//UC Berkeley//DTD MoML 1//EN"
    "http://ptolemy.eecs.berkeley.edu/xml/dtd/MoML_1.dtd">
<entity name="MatlabContinuous" class="ptolemy.actor.TypedCompositeActor">
    <property name="_createdBy" class="ptolemy.kernel.attributes.VersionAttribute" value="8.0.beta">
    </property>
    <property name="_vergilSize" class="ptolemy.actor.gui.SizeAttribute" value="[681, 442]">
    </property>
    <property name="_vergilLocation" class="ptolemy.actor.gui.LocationAttribute" value="[10, 161]">
    </property>
    <property name="size" class="ptolemy.data.expr.Parameter" value="25">
    </property>
    <property name="frequency" class="ptolemy.data.expr.Parameter" value="pi*0.161">
    </property>
    <property name="annotation" class="ptolemy.kernel.util.Attribute">
        <property name="_hideName" class="ptolemy.kernel.util.SingletonAttribute">
        </property>
        <property name="_iconDescription" class="ptolemy.kernel.util.SingletonConfigurableAttribute">
            <configure><svg><text x="20" y="20" style="font-size:14; font-family:SansSerif; fill:darkgray">Author: Edward A. Lee</text></svg></configure>
        </property>
        <property name="_smallIconDescription" class="ptolemy.kernel.util.SingletonConfigurableAttribute">
            <configure>
      <svg>
        <text x="20" style="font-size:14; font-family:SansSerif; fill:blue" y="20">-A-</text>
      </svg>
    </configure>
        </property>
        <property name="_controllerFactory" class="ptolemy.vergil.basic.NodeControllerFactory">
        </property>
        <property name="_editorFactory" class="ptolemy.vergil.toolbox.AnnotationEditorFactory">
        </property>
        <property name="_location" class="ptolemy.kernel.util.Location" value="[10.0, 410.0]">
        </property>
    </property>
    <property name="_windowProperties" class="ptolemy.actor.gui.WindowPropertiesAttribute" value="{bounds={32, 56, 894, 552}, maximized=false}">
    </property>
    <property name="Continuous Director" class="ptolemy.domains.continuous.kernel.ContinuousDirector">
        <property name="timeResolution" class="ptolemy.actor.parameters.SharedParameter" value="1.0E-10">
        </property>
        <property name="startTime" class="ptolemy.data.expr.Parameter" value="0.0">
        </property>
        <property name="initStepSize" class="ptolemy.data.expr.Parameter" value="0.1">
        </property>
        <property name="minStepSize" class="ptolemy.data.expr.Parameter" value="1.0E-5">
        </property>
        <property name="maxStepSize" class="ptolemy.data.expr.Parameter" value="1.0">
        </property>
        <property name="maxIterations" class="ptolemy.data.expr.Parameter" value="20">
        </property>
        <property name="errorTolerance" class="ptolemy.data.expr.Parameter" value="1.0E-4">
        </property>
        <property name="valueResolution" class="ptolemy.data.expr.Parameter" value="1.0E-6">
        </property>
        <property name="synchronizeToRealTime" class="ptolemy.data.expr.Parameter" value="false">
        </property>
        <property name="runAheadLength" class="ptolemy.data.expr.Parameter" value="0.1">
        </property>
        <property name="_location" class="ptolemy.kernel.util.Location" value="65.0, 55.0">
        </property>
    </property>
    <property name="_vergilZoomFactor" class="ptolemy.data.expr.ExpertParameter" value="1.0">
    </property>
    <property name="_vergilCenter" class="ptolemy.data.expr.ExpertParameter" value="{340.5, 221.0}">
    </property>
    <property name="Annotation" class="ptolemy.vergil.kernel.attributes.TextAttribute">
        <property name="text" class="ptolemy.kernel.util.StringAttribute" value="This model illustrates the integration of MATLAB with&#10;HyVisual and Ptolemy II. The MatlabExpression actor&#10;on the right invokes a command in MATLAB. In this case,&#10;the function &quot;surf&quot; (which renders a matrix as a surface&#10;plot) is invoked on the matrix input.&#10;&#10;This model also illustrates the use of the Ptolemy II&#10;expression language in the Expression actors.">
        </property>
        <property name="_location" class="ptolemy.kernel.util.Location" value="{290.0, 10.0}">
        </property>
    </property>
    <property name="Annotation2" class="ptolemy.vergil.kernel.attributes.TextAttribute">
        <property name="textSize" class="ptolemy.data.expr.Parameter" value="12">
        </property>
        <property name="textColor" class="ptolemy.actor.gui.ColorAttribute" value="{1.0, 0.0, 0.0, 1.0}">
        </property>
        <property name="text" class="ptolemy.kernel.util.StringAttribute" value="This model requires that Matlab be installed on&#10;your local machine.&#10;&#10;In addition, if you are running under Windows&#10;from the Cygwin bash prompt, then you must start&#10;Vergil with the -jni argument:&#10;  $PTII/bin/vergil -jni&#10;&#10;For details, see $PTII/jni/package.html">
        </property>
        <property name="_location" class="ptolemy.kernel.util.Location" value="[25.0, 250.0]">
        </property>
    </property>
    <entity name="MatlabExpression" class="ptolemy.matlab.Expression">
        <property name="expression" class="ptolemy.data.expr.StringParameter" value="surf(input)">
        </property>
        <property name="get1x1asScalars" class="ptolemy.data.expr.Parameter" value="true">
        </property>
        <property name="getIntegerMatrices" class="ptolemy.data.expr.Parameter" value="false">
        </property>
        <property name="_icon" class="ptolemy.vergil.icon.BoxedValueIcon">
            <property name="attributeName" class="ptolemy.kernel.util.StringAttribute" value="expression">
            </property>
            <property name="displayWidth" class="ptolemy.data.expr.Parameter" value="60">
            </property>
        </property>
        <property name="_location" class="ptolemy.kernel.util.Location" value="[577.0, 195.0]">
        </property>
        <port name="output" class="ptolemy.actor.TypedIOPort">
            <property name="output"/>
            <property name="_type" class="ptolemy.actor.TypeAttribute" value="double">
            </property>
        </port>
        <port name="input" class="ptolemy.actor.TypedIOPort">
            <property name="input"/>
            <property name="_type" class="ptolemy.actor.TypeAttribute" value="[double]">
            </property>
        </port>
    </entity>
    <entity name="CurrentTime" class="ptolemy.actor.lib.CurrentTime">
        <doc>Output the current time.</doc>
        <property name="_location" class="ptolemy.kernel.util.Location" value="[47.0, 180.0]">
        </property>
    </entity>
    <entity name="Expression" class="ptolemy.actor.lib.Expression">
        <property name="expression" class="ptolemy.kernel.util.StringAttribute" value="sin( [0 : PI/50 : PI] + time_t/6)">
        </property>
        <property name="_icon" class="ptolemy.vergil.icon.BoxedValueIcon">
            <property name="attributeName" class="ptolemy.kernel.util.StringAttribute" value="expression">
            </property>
            <property name="displayWidth" class="ptolemy.data.expr.Parameter" value="60">
            </property>
        </property>
        <property name="_location" class="ptolemy.kernel.util.Location" value="[247.0, 225.0]">
        </property>
        <port name="time_t" class="ptolemy.actor.TypedIOPort">
            <property name="input"/>
        </port>
    </entity>
    <entity name="Expression2" class="ptolemy.actor.lib.Expression">
        <property name="expression" class="ptolemy.kernel.util.StringAttribute" value="transpose(sin( [0 : PI/25 : 2*PI] + time_t/6))">
        </property>
        <property name="_icon" class="ptolemy.vergil.icon.BoxedValueIcon">
            <property name="attributeName" class="ptolemy.kernel.util.StringAttribute" value="expression">
            </property>
            <property name="displayWidth" class="ptolemy.data.expr.Parameter" value="60">
            </property>
        </property>
        <property name="_location" class="ptolemy.kernel.util.Location" value="[262.0, 180.0]">
        </property>
        <port name="time_t" class="ptolemy.actor.TypedIOPort">
            <property name="input"/>
        </port>
    </entity>
    <entity name="MultiplyDivide" class="ptolemy.actor.lib.MultiplyDivide">
        <property name="_location" class="ptolemy.kernel.util.Location" value="[472.0, 195.0]">
        </property>
    </entity>
    <relation name="relation" class="ptolemy.actor.TypedIORelation">
        <vertex name="vertex1" value="[102.0, 180.0]">
        </vertex>
    </relation>
    <relation name="relation2" class="ptolemy.actor.TypedIORelation">
    </relation>
    <relation name="relation3" class="ptolemy.actor.TypedIORelation">
    </relation>
    <relation name="relation4" class="ptolemy.actor.TypedIORelation">
    </relation>
    <link port="MatlabExpression.input" relation="relation4"/>
    <link port="CurrentTime.output" relation="relation"/>
    <link port="Expression.output" relation="relation3"/>
    <link port="Expression.time_t" relation="relation"/>
    <link port="Expression2.output" relation="relation2"/>
    <link port="Expression2.time_t" relation="relation"/>
    <link port="MultiplyDivide.multiply" relation="relation2"/>
    <link port="MultiplyDivide.multiply" relation="relation3"/>
    <link port="MultiplyDivide.output" relation="relation4"/>
</entity>
