<?xml version="1.0" standalone="no"?>
<!DOCTYPE entity PUBLIC "-//UC Berkeley//DTD MoML 1//EN"
    "http://ptolemy.eecs.berkeley.edu/xml/dtd/MoML_1.dtd">
<entity name="MatlabExpression" class="ptolemy.actor.TypedCompositeActor">
    <property name="_createdBy" class="ptolemy.kernel.attributes.VersionAttribute" value="8.0.beta">
    </property>
    <property name="_vergilSize" class="ptolemy.actor.gui.SizeAttribute" value="[666, 403]">
    </property>
    <property name="_vergilLocation" class="ptolemy.actor.gui.LocationAttribute" value="[10, 161]">
    </property>
    <property name="SDF Director" class="ptolemy.domains.sdf.kernel.SDFDirector">
        <property name="_location" class="ptolemy.kernel.util.Location" value="85.0, 55.0">
        </property>
    </property>
    <property name="size" class="ptolemy.data.expr.Parameter" value="25">
    </property>
    <property name="frequency" class="ptolemy.data.expr.Parameter" value="pi*0.161">
    </property>
    <property name="annotation" class="ptolemy.kernel.util.Attribute">
        <property name="_hideName" class="ptolemy.kernel.util.SingletonAttribute">
        </property>
        <property name="_iconDescription" class="ptolemy.kernel.util.SingletonConfigurableAttribute">
            <configure><svg><text x="20" y="20" style="font-size:14; font-family:SansSerif; fill:darkgray">Author: Edward A. Lee</text></svg></configure>
        </property>
        <property name="_smallIconDescription" class="ptolemy.kernel.util.SingletonConfigurableAttribute">
            <configure>
      <svg>
        <text x="20" style="font-size:14; font-family:SansSerif; fill:blue" y="20">-A-</text>
      </svg>
    </configure>
        </property>
        <property name="_controllerFactory" class="ptolemy.vergil.basic.NodeControllerFactory">
        </property>
        <property name="_editorFactory" class="ptolemy.vergil.toolbox.AnnotationEditorFactory">
        </property>
        <property name="_location" class="ptolemy.kernel.util.Location" value="[40.0, 350.0]">
        </property>
    </property>
    <property name="_windowProperties" class="ptolemy.actor.gui.WindowPropertiesAttribute" value="{bounds={76, 98, 879, 513}, maximized=false}">
    </property>
    <property name="_vergilZoomFactor" class="ptolemy.data.expr.ExpertParameter" value="1.0">
    </property>
    <property name="_vergilCenter" class="ptolemy.data.expr.ExpertParameter" value="{333.0, 201.5}">
    </property>
    <property name="Annotation" class="ptolemy.vergil.kernel.attributes.TextAttribute">
        <property name="textSize" class="ptolemy.data.expr.Parameter" value="12">
        </property>
        <property name="textColor" class="ptolemy.actor.gui.ColorAttribute" value="{1.0, 0.0, 0.0, 1.0}">
        </property>
        <property name="text" class="ptolemy.kernel.util.StringAttribute" value="This model requires that Matlab be installed on&#10;your local machine.&#10;&#10;In addition, if you are running under Windows&#10;from the Cygwin bash prompt, then you must start&#10;Vergil with the -jni argument:&#10;  $PTII/bin/vergil -jni&#10;&#10;For details, see $PTII/jni/package.html">
        </property>
        <property name="_location" class="ptolemy.kernel.util.Location" value="[345.0, 240.0]">
        </property>
    </property>
    <property name="Annotation2" class="ptolemy.vergil.kernel.attributes.TextAttribute">
        <property name="text" class="ptolemy.kernel.util.StringAttribute" value="This model illustrates the integration of MATLAB with&#10;Ptolemy II. The MatlabExpression actor&#10;on the right invokes a command in MATLAB. In this case,&#10;the function &quot;surf&quot; (which renders a matrix as a surface&#10;plot) is invoked on the matrix input.&#10;">
        </property>
        <property name="_location" class="ptolemy.kernel.util.Location" value="[285.0, 15.0]">
        </property>
    </property>
    <entity name="Ramp" class="ptolemy.actor.lib.Ramp">
        <property name="init" class="ptolemy.data.expr.Parameter" value="0.0">
        </property>
        <property name="step" class="ptolemy.actor.parameters.PortParameter" value="frequency">
        </property>
        <doc>Create a sequence of tokens with increasing value</doc>
        <property name="_location" class="ptolemy.kernel.util.Location" value="[80.0, 155.0]">
        </property>
    </entity>
    <entity name="DoubleToMatrix" class="ptolemy.domains.sdf.lib.DoubleToMatrix">
        <property name="rows" class="ptolemy.data.expr.Parameter" value="size">
        </property>
        <property name="columns" class="ptolemy.data.expr.Parameter" value="1">
        </property>
        <property name="_location" class="ptolemy.kernel.util.Location" value="[285.0, 155.0]">
        </property>
    </entity>
    <entity name="1:Ramp" class="ptolemy.actor.lib.Ramp">
        <property name="init" class="ptolemy.data.expr.Parameter" value="0.0">
        </property>
        <property name="step" class="ptolemy.actor.parameters.PortParameter" value="frequency*0.5">
        </property>
        <doc>Create a sequence of tokens with increasing value</doc>
        <property name="_location" class="ptolemy.kernel.util.Location" value="[80.0, 230.0]">
        </property>
    </entity>
    <entity name="2:DoubleToMatrix" class="ptolemy.domains.sdf.lib.DoubleToMatrix">
        <property name="rows" class="ptolemy.data.expr.Parameter" value="1">
        </property>
        <property name="columns" class="ptolemy.data.expr.Parameter" value="size">
        </property>
        <property name="_location" class="ptolemy.kernel.util.Location" value="[285.0, 230.0]">
        </property>
    </entity>
    <entity name="MultiplyDivide" class="ptolemy.actor.lib.MultiplyDivide">
        <property name="_location" class="ptolemy.kernel.util.Location" value="[405.0, 170.0]">
        </property>
    </entity>
    <entity name="MatlabExpression" class="ptolemy.matlab.Expression">
        <property name="expression" class="ptolemy.data.expr.StringParameter" value="surf(input)">
        </property>
        <property name="get1x1asScalars" class="ptolemy.data.expr.Parameter" value="true">
        </property>
        <property name="getIntegerMatrices" class="ptolemy.data.expr.Parameter" value="false">
        </property>
        <property name="_icon" class="ptolemy.vergil.icon.BoxedValueIcon">
            <property name="attributeName" class="ptolemy.kernel.util.StringAttribute" value="expression">
            </property>
            <property name="displayWidth" class="ptolemy.data.expr.Parameter" value="60">
            </property>
        </property>
        <property name="_location" class="ptolemy.kernel.util.Location" value="[530.0, 170.0]">
        </property>
        <port name="output" class="ptolemy.actor.TypedIOPort">
            <property name="output"/>
            <property name="_type" class="ptolemy.actor.TypeAttribute" value="double">
            </property>
        </port>
        <port name="input" class="ptolemy.actor.TypedIOPort">
            <property name="input"/>
            <property name="_type" class="ptolemy.actor.TypeAttribute" value="[double]">
            </property>
        </port>
    </entity>
    <entity name="TrigFunction" class="ptolemy.actor.lib.TrigFunction">
        <property name="function" class="ptolemy.data.expr.StringParameter" value="sin">
            <property name="style" class="ptolemy.actor.gui.style.ChoiceStyle">
                <property name="acos" class="ptolemy.kernel.util.StringAttribute" value="acos">
                </property>
                <property name="asin" class="ptolemy.kernel.util.StringAttribute" value="asin">
                </property>
                <property name="atan" class="ptolemy.kernel.util.StringAttribute" value="atan">
                </property>
                <property name="cos" class="ptolemy.kernel.util.StringAttribute" value="cos">
                </property>
                <property name="sin" class="ptolemy.kernel.util.StringAttribute" value="sin">
                </property>
                <property name="tan" class="ptolemy.kernel.util.StringAttribute" value="tan">
                </property>
            </property>
        </property>
        <property name="_icon" class="ptolemy.vergil.icon.AttributeValueIcon">
            <property name="attributeName" class="ptolemy.kernel.util.StringAttribute" value="function">
            </property>
        </property>
        <property name="_location" class="ptolemy.kernel.util.Location" value="[185.0, 155.0]">
        </property>
    </entity>
    <entity name="TrigFunction2" class="ptolemy.actor.lib.TrigFunction">
        <property name="function" class="ptolemy.data.expr.StringParameter" value="sin">
            <property name="style" class="ptolemy.actor.gui.style.ChoiceStyle">
                <property name="acos" class="ptolemy.kernel.util.StringAttribute" value="acos">
                </property>
                <property name="asin" class="ptolemy.kernel.util.StringAttribute" value="asin">
                </property>
                <property name="atan" class="ptolemy.kernel.util.StringAttribute" value="atan">
                </property>
                <property name="cos" class="ptolemy.kernel.util.StringAttribute" value="cos">
                </property>
                <property name="sin" class="ptolemy.kernel.util.StringAttribute" value="sin">
                </property>
                <property name="tan" class="ptolemy.kernel.util.StringAttribute" value="tan">
                </property>
            </property>
        </property>
        <property name="_icon" class="ptolemy.vergil.icon.AttributeValueIcon">
            <property name="attributeName" class="ptolemy.kernel.util.StringAttribute" value="function">
            </property>
        </property>
        <property name="_location" class="ptolemy.kernel.util.Location" value="[185.0, 230.0]">
        </property>
    </entity>
    <relation name="relation5" class="ptolemy.actor.TypedIORelation">
    </relation>
    <relation name="relation6" class="ptolemy.actor.TypedIORelation">
    </relation>
    <relation name="relation4" class="ptolemy.actor.TypedIORelation">
    </relation>
    <relation name="relation7" class="ptolemy.actor.TypedIORelation">
    </relation>
    <relation name="relation8" class="ptolemy.actor.TypedIORelation">
    </relation>
    <relation name="relation" class="ptolemy.actor.TypedIORelation">
    </relation>
    <relation name="relation9" class="ptolemy.actor.TypedIORelation">
    </relation>
    <link port="Ramp.output" relation="relation7"/>
    <link port="DoubleToMatrix.input" relation="relation8"/>
    <link port="DoubleToMatrix.output" relation="relation5"/>
    <link port="1:Ramp.output" relation="relation"/>
    <link port="2:DoubleToMatrix.input" relation="relation9"/>
    <link port="2:DoubleToMatrix.output" relation="relation6"/>
    <link port="MultiplyDivide.multiply" relation="relation5"/>
    <link port="MultiplyDivide.multiply" relation="relation6"/>
    <link port="MultiplyDivide.output" relation="relation4"/>
    <link port="MatlabExpression.input" relation="relation4"/>
    <link port="TrigFunction.input" relation="relation7"/>
    <link port="TrigFunction.output" relation="relation8"/>
    <link port="TrigFunction2.input" relation="relation"/>
    <link port="TrigFunction2.output" relation="relation9"/>
</entity>
