<?xml version="1.0" standalone="no"?>
<!DOCTYPE entity PUBLIC "-//UC Berkeley//DTD MoML 1//EN"
    "http://ptolemy.eecs.berkeley.edu/xml/dtd/MoML_1.dtd">
<entity name="top" class="ptolemy.actor.TypedCompositeActor">
  <property name="director" class="ptolemy.domains.sdf.kernel.SDFDirector">
    <property name="iterations" value="100">
        <doc>Number of iterations in an execution.</doc>
    </property>
  </property>
  <entity name="ramp" class="ptolemy.actor.lib.Ramp">
    <property name="step" value="0.1"/>
    <port name="output"></port>
  </entity>
  <entity name="display" class="ptolemy.actor.lib.gui.SequencePlotter">
    <port name="input"></port>
  </entity>

  <!-- FIXME: Link parameters with on-screen controls here. -->

  <relation name="r1" class="ptolemy.actor.TypedIORelation">
